"Close Shave, A (1995)",4.644444444444445
"Wrong Trousers, The (1993)",4.588235294117647
Sunset Blvd. (a.k.a. Sunset Boulevard) (1950),4.572649572649572
Wallace & Gromit: The Best of Aardman Animation (1996),4.563106796116505
Schindler's List (1993),4.56260162601626
"Shawshank Redemption, The (1994)",4.539074960127592
"Grand Day Out, A (1992)",4.537878787878788
To Kill a Mockingbird (1962),4.536666666666667
Creature Comforts (1990),4.513888888888889
"Usual Suspects, The (1995)",4.513317191283293
